movie,person
abadlands2005,acaitlinoheaney
abadlands2005,adavidarnett
abadlands2005,adebraengle
abadlands2005,agusmercurio
abadlands2005,ahughkeaysbyrne
abadlands2005,ajustinmonjo
abadlands2005,alewissmith
abadlands2005,alloydalan
abadlands2005,amarccaleb
abadlands2005,amiguelferrer
abadlands2005,amillergeorgei
abadlands2005,arobyndouglass
abadlands2005,asharonstone
abadlands2005,astevekuhn
abasicinstinct2,acatonjonesmichael
abasicinstinct2,acharlotterampling
abasicinstinct2,adavidmorrissey
abasicinstinct2,adavidthewlis
abasicinstinct2,aellenthomas
abasicinstinct2,afloramontgomery
abasicinstinct2,aheathcotewilliams
abasicinstinct2,ahughdancy
abasicinstinct2,aindiravarma
abasicinstinct2,ajanchappell
abasicinstinct2,amarksangster
abasicinstinct2,aneilmaskell
abasicinstinct2,asharonstone
abasicinstinct2,astancollymore
abasicinstinct2,aterenceharvey
abasicinstinct2,atimberrington
abasicinstinct,abenjaminmouton
abasicinstinct,abillcable
abasicinstinct,abruceayoung
abasicinstinct,achelcieross
abasicinstinct,adanielvonbargen
abasicinstinct,adenisarndt
abasicinstinct,adorothymalone
abasicinstinct,ageorgedzundza
abasicinstinct,ajackmcgee
abasicinstinct,ajeannetripplehorn
abasicinstinct,aleilanisarelle
abasicinstinct,amichaeldouglas
abasicinstinct,asharonstone
abasicinstinct,astephentobolowsky
abasicinstinct,averhoevenpauli
abasicinstinct,awayneknight
abeautifuljoe,aalancpeterson
abeautifuljoe,abenjohnson
abeautifuljoe,abillyconnolly
abeautifuljoe,aconnorwiddows
abeautifuljoe,adannflorek
abeautifuljoe,adillonmoen
abeautifuljoe,afrankcturner
abeautifuljoe,agilbellows
abeautifuljoe,aginachiarelli
abeautifuljoe,aianholm
abeautifuljoe,ajaimzwoolvett
abeautifuljoe,ajurneesmollett
abeautifuljoe,ametcalfestephen
abeautifuljoe,anormanarmour
abeautifuljoe,asharonstone
abeautifuljoe,asheilapaterson
ageratzite,aangelinasarova
ageratzite,aganchoganchev
ageratzite,ageorgistamatov
ageratzite,aivanbratanov
ageratzite,aivandimov
ageratzite,aivantonev
ageratzite,akunkabaeva
ageratzite,amariashopova
ageratzite,amarinovichanton
ageratzite,anikoladadov
ageratzite,astefanpejchev
ageratzite,astefanpetrov
ageratzite,atzvetolyubrakovski
ageratzite,avyarakovacheva
agrandpatronle,abonnetchristiani
agrandpatronle,accilecassel
agrandpatronle,acoralyzahonero
agrandpatronle,afirminerichard
agrandpatronle,afrancishuster
agrandpatronle,afranoisechristophe
agrandpatronle,agabriellelazure
agrandpatronle,agustemmanuelii
agrandpatronle,akappesstphane
agrandpatronle,aladogedominique
agrandpatronle,aromeclaudemichel
agrandpatronle,astevekalfa
agrandpatronle,asummereric
agrandpatronle,atonetticlaudio
akristali,adimitarhadzhiyanev
akristali,aemiliaradeva
akristali,aivangrigorov
akristali,akostatsonev
akristali,anevenakokanova
akristali,apetardespotov
akristali,apetyasilyanova
akristali,asonyadjulgerova
akristali,astefandanailov
akristali,astoychomazgalov
akristali,atraykovatanas
alegendazapaisiy,aangelinasarova
alegendazapaisiy,ahristodinev
alegendazapaisiy,aivankondov
alegendazapaisiy,akirilyanev
alegendazapaisiy,alyubomirbobchevski
alegendazapaisiy,amikhailmikhajlov
alegendazapaisiy,asavahashamov
alegendazapaisiy,astoychomazgalov
alegendazapaisiy,asurchadzhievstefani
alegendazapaisiy,atzenokandov
alegendazapaisiy,aviktordanchenko
aletztezeugeder,aandreasschwaiger
aletztezeugeder,aclaudiamessner
aletztezeugeder,adietermann
aletztezeugeder,agesinecukrowski
aletztezeugeder,ajrggudzuhn
aletztezeugeder,ajuttawachowiak
aletztezeugeder,akonstanzebreitebner
aletztezeugeder,aleonardlansink
aletztezeugeder,arenateschroeter
aletztezeugeder,astephanbernhard
aletztezeugeder,atheresascholze
aletztezeugeder,aulrichmhe
aletztezeugeder,avolkerranisch
aletztezeugeder,azensmichael
anerolio,aantoniettacarbonetti
anerolio,aenzodimartino
anerolio,afabiolobello
anerolio,afrancomirabella
anerolio,agiancarloscuderi
anerolio,agrimaldiaurelioi
anerolio,aluciasardo
anerolio,amarcocavicchioli
anerolio,amarcospicuglia
anerolio,amaurizionicolosi
anerolio,amaurolenares
anerolio,apieradegliesposti
anerolio,asalvatorelazzaro
anerolio,asaromiano
anerolio,avincenzocrivello
aoceanseleven,aberniemac
aoceanseleven,abradpitt
aoceanseleven,acarolflorence
aoceanseleven,acaseyaffleck
aoceanseleven,aceceliaannbirt
aoceanseleven,aeddiejemison
aoceanseleven,aelliottgould
aoceanseleven,afrankpatton
aoceanseleven,ageorgeclooney
aoceanseleven,ajorgerhernandez
aoceanseleven,alorigalinski
aoceanseleven,amarkgantt
aoceanseleven,apaullnolan
aoceanseleven,ascottcaan
aoceanseleven,asoderberghsteven
aoceanseleven,atimothypaulperez
aoceanstwelve,aandygarcia
aoceanstwelve,aannejacques
aoceanstwelve,abradpitt
aoceanstwelve,acaseyaffleck
aoceanstwelve,acatherinezetajones
aoceanstwelve,adavidsontag
aoceanstwelve,adinaconnolly
aoceanstwelve,adontiffany
aoceanstwelve,aedkross
aoceanstwelve,ageorgeclooney
aoceanstwelve,ajuliaroberts
aoceanstwelve,alarrysontag
aoceanstwelve,aminianden
aoceanstwelve,anelsonpeltz
aoceanstwelve,ascottcaan
aoceanstwelve,asoderberghsteven
apelicanbriefthe,aanthonyheald
apelicanbriefthe,adenzelwashington
apelicanbriefthe,ahumecronyn
apelicanbriefthe,ajamessikking
apelicanbriefthe,ajohnfinn
apelicanbriefthe,ajohnheard
apelicanbriefthe,ajohnlithgow
apelicanbriefthe,ajuliaroberts
apelicanbriefthe,anicholaswoodeson
apelicanbriefthe,apakulaalanj
apelicanbriefthe,arobertculp
apelicanbriefthe,asamshepard
apelicanbriefthe,astanleyanderson
apelicanbriefthe,astanleytucci
apelicanbriefthe,atonygoldwyn
apelicanbriefthe,awilliamatherton
aperdutoamor,aannamariagherardi
aperdutoamor,aantoninobruschetta
aperdutoamor,abattiatofranco
aperdutoamor,acorradofortuna
aperdutoamor,adonatellafinocchiaro
aperdutoamor,agabrieleferzetti
aperdutoamor,alucavitrano
aperdutoamor,aluciasardo
aperdutoamor,amanliosgalambro
aperdutoamor,anicolegrimaudo
aperdutoamor,aradarassimov
aperdutoamor,atizianalodato
aplayerthe,aaltmanroberti
aplayerthe,aangelahall
aplayerthe,abrionjames
aplayerthe,acynthiastevenson
aplayerthe,adeanstockwell
aplayerthe,adinamerrill
aplayerthe,afredward
aplayerthe,agretascacchi
aplayerthe,aleahayres
aplayerthe,alylelovett
aplayerthe,apetergallagher
aplayerthe,arichardegrant
aplayerthe,asydneypollack
aplayerthe,atimrobbins
aplayerthe,avincentdonofrio
aplayerthe,awhoopigoldberg
aribellela,aauroraquattrocchi
aribellela,acesareapolito
aribellela,adanielegalea
aribellela,aeddasabatini
aribellela,agrimaldiaurelioi
aribellela,alaurabetti
aribellela,amarcoleonardi
aribellela,apaolaciampi
aribellela,apenlopecruz
aribellela,araffaeladavi
aribellela,astefanodionisi
arosenheimcopsdie,aandreasschwaiger
arosenheimcopsdie,abraunbettinai
arosenheimcopsdie,aengelhardtwilhelm
arosenheimcopsdie,agerdlohmeyer
arosenheimcopsdie,agutjahrrainer
arosenheimcopsdie,ahorstkummeth
arosenheimcopsdie,ahubertmulzer
arosenheimcopsdie,akarinthaler
arosenheimcopsdie,akinkelmartin
arosenheimcopsdie,aklischstefan
arosenheimcopsdie,akrgnther
arosenheimcopsdie,akronthalerthomas
arosenheimcopsdie,amarenschumacher
arosenheimcopsdie,amarisaburger
arosenheimcopsdie,amarkusbker
arosenheimcopsdie,amaxmller
arosenheimcopsdie,athomasstielner
arosenheimcopsdie,atommikulla
asaramay,abarbaratabita
asaramay,abiagiobarone
asaramay,acarmelogalati
asaramay,aconsuelolupo
asaramay,aileanarigano
asaramay,aluciacammalleri
asaramay,aluciasardo
asaramay,amanueladolcemascolo
asaramay,asciveresmarianna
asaramay,aserenaautieri
asaramay,avannifois
aspasenieto,aalicjajachiewicz
aspasenieto,aantonradichev
aspasenieto,abogomilsimeonov
aspasenieto,aemilmarkov
aspasenieto,ajannowicki
aspasenieto,akostatsonev
aspasenieto,alyubomirbachvarov
aspasenieto,alyubomirkanev
aspasenieto,amichalbajor
aspasenieto,anevenakokanova
aspasenieto,apunchevborislav
aspasenieto,asotirmaynolovski
aspasenieto,astoychomazgalov
aunetunfontsix,aalexandrawinisky
aunetunfontsix,aapprederisfranck
aunetunfontsix,aarmelledeutsch
aunetunfontsix,abrigittefossey
aunetunfontsix,abrnicebejo
aunetunfontsix,adidierdijoux
aunetunfontsix,aestefanacastro
aunetunfontsix,aguillaumeromain
aunetunfontsix,ajuliedray
aunetunfontsix,aloccorbery
aunetunfontsix,aludwigbriand
aunetunfontsix,apatricejuiff
aunetunfontsix,apierrearditi
aunetunfontsix,asamantharnier
aunetunfontsix,avergnejeanpierre
aunetunfontsix,avincentlecoeur
aplayerthe,aaaa
aperdutoamor,aaab
aoceanstwelve,aaac
abasicinstinct2,aaba
abeautifuljoe,aabb
aunetunfontsix,aabc
anerolio,aaca
anerolio,aacb
ageratzite,aacc
aoceanseleven,abaa
aribellela,abab
ageratzite,abac
abeautifuljoe,abba
aribellela,abbb
anerolio,abbc
abeautifuljoe,abca
aunetunfontsix,abcb
alegendazapaisiy,abcc
aspasenieto,acaa
alegendazapaisiy,acab
asaramay,acac
aribellela,acba
aoceanseleven,acbb
aribellela,acbc
abeautifuljoe,acca
apelicanbriefthe,accb
asaramay,accc
aribellela,baaa
asaramay,baab
arosenheimcopsdie,baac
agrandpatronle,baba
abasicinstinct2,babb
aribellela,babc
aunetunfontsix,baca
asaramay,bacb
aoceanseleven,bacc
aunetunfontsix,bbaa
anerolio,bbab
aspasenieto,bbac
aribellela,bbba
aplayerthe,bbbb
agrandpatronle,bbbc
abeautifuljoe,bbca
ageratzite,bbcb
apelicanbriefthe,bbcc
abadlands2005,bcaa
aoceanseleven,bcab
aribellela,bcac
abasicinstinct,bcba
aspasenieto,bcbb
agrandpatronle,bcbc
anerolio,bcca
aletztezeugeder,bccb
aunetunfontsix,bccc
abadlands2005,caaa
aplayerthe,caab
anerolio,caac
aunetunfontsix,caba
apelicanbriefthe,cabb
aoceanstwelve,cabc
aoceanseleven,caca
aoceanstwelve,cacb
agrandpatronle,cacc
arosenheimcopsdie,cbaa
abeautifuljoe,cbab
aspasenieto,cbac
abasicinstinct,cbba
abadlands2005,cbbb
abasicinstinct2,cbbc
aribellela,cbca
alegendazapaisiy,cbcb
abeautifuljoe,cbcc
alegendazapaisiy,ccaa
agrandpatronle,ccab
aletztezeugeder,ccac
aunetunfontsix,ccba
arosenheimcopsdie,ccbb
aperdutoamor,ccbc
aoceanseleven,ccca
aperdutoamor,cccb
abeautifuljoe,cccc
