paper_id,class_label
queloz99foreign,pos
54866,neg
ehlert01intelligent,pos
7537,neg
532227,pos
defalco98optimizing,neg
han99efficient,neg
white98towards,pos
322267,neg
andersson99intelligent,pos
brazier02agent,pos
consortium00corporate,pos
georgeff99beliefdesireintention,pos
frey99estimating,neg
carreras01hybrid,neg
402592,neg
landau02comparison,neg
128910,neg
brandt01cryptographic,pos
dragoni00mental,pos
martelli99logic,pos
amin01agentbased,pos
decker95environment,pos
grignon99multiobjective,neg
marsella99being,pos
brandt00task,pos
yen01cast,pos
64765,neg
filliat99incremental,neg
459526,pos
sma98theory,neg
onoda98asymptotic,neg
debenham99multiagent,pos
knowles99pareto,neg
384644,neg
233063,pos
rosenstein99continuous,neg
deloach99multiagent,pos
hoste00rule,neg
crabbe01goal,neg
28031,neg
goller99connectionist,neg
buffet02adaptive,neg
heintz00robosoc,pos
minar99cooperating,pos
463357,pos
heinze99plan,pos
gendelman00fast,pos
domingos99metacost,neg
460784,pos
wilhelm99introducing,pos
140079,neg
lacorte99agent,pos
sandholm99algorithms,pos
162298,neg
wooldridge02model,pos
457130,pos
507954,pos
roy00computational,neg
538003,neg
ben-ameur02multiitem,pos
opper99mean,neg
108321,neg
339430,neg
300048,neg
degeratu01latencydependent,neg
cabri01engineering,pos
fischer96intelligent,pos
414088,neg
liu00extended,neg
veloso94learning,neg
266823,neg
7980,neg
376734,neg
405764,pos
demeer00programmable,pos
443403,pos
449668,pos
haddaway99overview,neg
wolski98fuzzy,neg
205160,pos
cox96introspective,neg
finney02learning,neg
aha98omnipresence,neg
482071,pos
hattori99socialware,pos
77029,neg
16755,neg
itti98model,neg
212834,pos
73259,neg
straccia01reasoning,neg
50337,pos
rao94meansend,pos
prokopenko00cyberoos,pos
wilke96framework,neg
gibbins01scalability,pos
weber00unsupervised,neg
lee99unifying,neg
75800,neg
greenwald01autonomous,pos
bradford98pruning,neg
kim01secret,pos
vandertorre00contrarytoduty,pos
bush01styx,pos
294238,neg
morley96semantics,pos
eriksson98to,pos
26655,neg
kleinberg98microeconomic,neg
hero99estimation,neg
rahwan00virtual,pos
jennings00autonomous,pos
jalali-sohi01integrated,pos
arisha99impact,pos
boros98how,neg
518472,neg
aiello01ontological,pos
452506,neg
509693,pos
arleo00spatial,neg
ventura99isocrob,pos
bridge98defining,neg
71059,pos
20587,neg
casillas00improving,neg
sim99learning,neg
pirjanian99behavior,pos
64654,neg
kolp01architectural,pos
pitoura01locating,pos
kennedy99distributed,pos
277650,neg
horling99using,pos
wolpert99general,neg
499374,pos
timm01synthesis,pos
57340,neg
bui99invariant,neg
cicirello01wasp,pos
525378,neg
bailey95active,pos
uhrmacher00plug,pos
70265,neg
159727,neg
youll00impulse,pos
gaskett00reinforcement,neg
guestrin02algorithmdirected,neg
539207,pos
moran99improvement,neg
51607,neg
ardissono96uso,pos
491166,pos
brazier01automated,pos
saif01communication,pos
marin01hybrid,neg
131669,neg
bagnell01autonomous,neg
amin99agentoriented,pos
2102,neg
sen98individual,neg
burkhard99bdi,pos
jennings95controlling,pos
cardie99integrating,neg
202510,neg
jantke97necessity,neg
flake00agents,pos
rao95bdi,pos
103027,pos
532672,neg
529980,pos
446625,pos
david01agentbased,pos
kaski98dimensionality,neg
154973,neg
shehory99emergent,pos
73250,neg
roth01scalable,pos
griffiths99cooperative,pos
30494,neg
labrou99interoperability,pos
estlin98using,neg
374383,pos
bomze99maximum,neg
sutton93online,neg
ghani01using,neg
461740,neg
409610,pos
maloof99machine,neg
varela99ant,neg
tews02gday,pos
532291,pos
45086,neg
roth01programming,pos
kinny96methodology,pos
knublauch00towards,pos
505987,pos
450055,pos
devaney98needles,neg
ambroszkiewicz98cooperation,pos
