person,genre
aaltmanroberti, acomedy
aaltmanroberti, adrama
aaltmanroberti, athriller
aapprederisfranck, acomedy
abattiatofranco, adrama
abraunbettinai, acomedy
abraunbettinai, acrime
acatonjonesmichael, acrime
acatonjonesmichael, adrama
acatonjonesmichael, amystery
acatonjonesmichael, athriller
aengelhardtwilhelm, acomedy
aengelhardtwilhelm, acrime
agrimaldiaurelioi, adrama
agutjahrrainer, acomedy
agutjahrrainer, acrime
akinkelmartin, acomedy
akinkelmartin, acrime
aklischstefan, acomedy
aklischstefan, acrime
akrgnther, acomedy
akrgnther, acrime
akronthalerthomas, acomedy
akronthalerthomas, acrime
amarinovichanton, adrama
ametcalfestephen, acomedy
ametcalfestephen, adrama
ametcalfestephen, aromance
amillergeorgei, ascifi
apakulaalanj, adrama
apakulaalanj, amystery
apakulaalanj, athriller
apunchevborislav, adrama
asoderberghsteven, aaction
asoderberghsteven, acomedy
asoderberghsteven, acrime
asoderberghsteven, adocumentary
asoderberghsteven, athriller
astephanbernhard, acrime
asurchadzhievstefani, adrama
atraykovatanas, adrama
avergnejeanpierre, acomedy
averhoevenpauli, acrime
averhoevenpauli, adrama
averhoevenpauli, amystery
averhoevenpauli, athriller
azensmichael, acrime
